<?xml version="1.0" encoding="UTF-8"?>
<project-private xmlns="http://www.netbeans.org/ns/project-private/1">
    <editor-bookmarks xmlns="http://www.netbeans.org/ns/editor-bookmarks/2" lastBookmarkId="0"/>
    <open-files xmlns="http://www.netbeans.org/ns/projectui-open-files/2">
        <group>
            <file>file:/C:/Users/aluno/Documents/NetBeansProjects/ProjetoHotel/src/model/Modelo.java</file>
            <file>file:/C:/Users/aluno/Documents/NetBeansProjects/ProjetoHotel/src/model/Marca.java</file>
            <file>file:/C:/Users/aluno/Documents/NetBeansProjects/ProjetoHotel/src/model/Pessoa.java</file>
            <file>file:/C:/Users/aluno/Documents/NetBeansProjects/ProjetoHotel/src/model/Hospede.java</file>
            <file>file:/C:/Users/aluno/Documents/NetBeansProjects/ProjetoHotel/src/model/Fornecedor.java</file>
            <file>file:/C:/Users/aluno/Documents/NetBeansProjects/ProjetoHotel/src/model/Funcionario.java</file>
        </group>
        <group name="EspacoFit">
            <file>file:/C:/Users/house/Documents/Aulas%202025%20-%201/DOO/ProjetoHotel/src/view/newTemplateCadastros2025.java</file>
        </group>
    </open-files>
</project-private>
